Campaign_ID,Campaign_Name,Channel,Campaign_Type,Region,Budget_USD,Spent_USD,Impressions,Clicks,Conversions,Revenue_USD,CPC_USD,CTR_Percent,Conversion_Rate_Percent,Start_Date,End_Date
2001,Campaign_1,Twitter,Conversion,North America,3794,1710,493569,14789,1830,24045,0.62,3.69,14.25,10/16/2025,11/18/2025
2002,Campaign_2,Email,Awareness,North America,1609,1416,123132,17555,114,18768,0.38,8.65,4.92,1/28/2025,5/25/2025
2003,Campaign_3,TikTok,Awareness,North America,4766,2319,197604,8427,211,18693,2.43,1.19,4.34,6/29/2025,12/5/2025
2004,Campaign_4,Twitter,Retention,South America,3390,3788,26052,16062,459,3667,0.45,9.26,4.56,9/10/2025,1/7/2026
2005,Campaign_5,Google Ads,Conversion,Australia,4691,899,110689,1671,1852,12489,0.46,6.35,4.53,5/6/2025,8/17/2025
2006,Campaign_6,YouTube,Awareness,South America,1755,3577,188148,22475,1876,23236,2.57,0.64,1.02,6/26/2025,12/18/2025
2007,Campaign_7,TikTok,Retention,Australia,1004,2077,456636,12418,1299,14587,1.1,6.48,13.94,2/6/2025,7/29/2025
2008,Campaign_8,TikTok,Conversion,South America,1479,3954,141743,9635,919,22940,0.19,9.75,3.6,4/9/2025,9/7/2025
2009,Campaign_9,Twitter,Retention,South America,3777,3852,272307,6842,219,2937,0.25,0.79,6.59,4/8/2025,11/4/2025
2010,Campaign_10,Instagram,Engagement,Asia,3101,2506,313568,18333,572,23352,0.51,5.59,0.64,5/7/2025,2/16/2025
2011,Campaign_11,Google Ads,Awareness,South America,1587,2485,456960,12429,1151,15775,0.72,7.5,12.94,6/17/2025,4/2/2025
2012,Campaign_12,Twitter,Engagement,Europe,4888,456,473547,3039,722,22835,2.03,8.12,11.1,3/21/2025,3/26/2025
2013,Campaign_13,Google Ads,Conversion,Asia,2961,3815,413850,4459,1410,5776,0.56,4.2,14.23,10/21/2025,7/18/2025
2014,Campaign_14,Google Ads,Engagement,South America,2879,2139,145870,13683,1584,9359,0.44,2.12,11.83,11/29/2025,2/26/2025
2015,Campaign_15,YouTube,Engagement,North America,2306,811,294564,23169,1573,8318,2.32,0.52,5.05,5/6/2025,1/2/2026
2016,Campaign_16,TikTok,Conversion,Europe,4423,4794,130575,5932,780,5228,2.05,5.84,4.09,12/9/2025,4/6/2025
2017,Campaign_17,Email,Retention,Europe,2968,461,268230,21144,1117,19508,1.36,4.58,10.62,11/6/2025,5/11/2025
2018,Campaign_18,YouTube,Engagement,Europe,4153,3070,301444,19245,463,6238,1.69,9.49,5.78,5/30/2025,4/15/2025
2019,Campaign_19,YouTube,Retention,Asia,3386,1232,362025,23048,676,21116,1,0.7,8.71,1/16/2025,8/11/2025
2020,Campaign_20,Google Ads,Engagement,South America,3480,3121,20749,20554,638,6293,1.5,6.89,0.59,1/28/2025,7/21/2025
2021,Campaign_21,LinkedIn,Retention,South America,2773,904,114131,2253,1547,5023,1.57,0.35,1.4,6/22/2025,10/31/2025
2022,Campaign_22,TikTok,Conversion,North America,4816,4280,166193,24984,1638,6071,1.22,1.8,8.26,2/15/2025,8/6/2025
2023,Campaign_23,Instagram,Engagement,North America,2799,4690,400707,18822,1711,16709,2.73,4.59,8.71,11/24/2025,2/23/2025
2024,Campaign_24,YouTube,Conversion,Europe,4233,502,309631,22860,396,15746,0.15,4.6,11.4,8/24/2025,7/31/2025
2025,Campaign_25,Email,Engagement,North America,436,1052,235019,10623,1945,10880,2.37,6.89,2.41,8/2/2025,12/24/2025
2026,Campaign_26,LinkedIn,Conversion,Asia,1504,4038,436577,16876,1383,2724,0.46,9.11,7.94,3/26/2025,5/19/2025
2027,Campaign_27,LinkedIn,Conversion,South America,3630,308,293367,7088,305,8889,2.41,6.43,3.32,10/9/2025,1/1/2026
2028,Campaign_28,Instagram,Engagement,Europe,1501,2127,82930,6804,267,16427,1.89,9.54,1.85,8/20/2025,7/12/2025
2029,Campaign_29,YouTube,Engagement,North America,2741,1106,155128,7845,1114,22975,2.55,8.83,6.45,3/26/2025,11/29/2025
2030,Campaign_30,Email,Engagement,Asia,2251,2221,300524,24759,1970,12184,0.38,5.89,2.87,3/6/2025,8/25/2025
2031,Campaign_31,TikTok,Awareness,Asia,641,553,298179,23517,277,11140,1.72,8.35,3.72,5/14/2025,4/19/2025
2032,Campaign_32,Facebook,Retention,North America,2276,4761,302764,15852,428,9162,1.55,6.46,5.1,5/31/2025,2/16/2025
2033,Campaign_33,Email,Awareness,South America,3380,2929,423093,1097,244,6861,2.15,0.88,4.26,4/25/2025,12/24/2025
2034,Campaign_34,Instagram,Awareness,North America,2857,1537,266553,19946,1866,2448,1.65,7.43,1.77,3/5/2025,5/7/2025
2035,Campaign_35,LinkedIn,Conversion,Europe,3998,3603,458532,2836,1344,12591,1.67,1.04,1.8,12/9/2025,6/27/2025
2036,Campaign_36,TikTok,Engagement,North America,1004,1105,205113,10379,1846,12492,1.35,5.98,3.3,12/29/2025,2/2/2025
2037,Campaign_37,Email,Retention,Asia,274,1862,389504,1072,995,23978,1,7.06,1.23,12/18/2025,2/10/2025
2038,Campaign_38,Facebook,Conversion,North America,2375,4853,63352,8021,1390,6818,1.5,0.76,9.58,6/7/2025,6/5/2025
2039,Campaign_39,Facebook,Awareness,South America,4124,1423,434127,6671,1246,20680,0.44,2.38,4.67,3/18/2025,4/22/2025
2040,Campaign_40,Google Ads,Engagement,Australia,2289,3961,173856,23981,583,12680,2.89,9.17,4.56,5/26/2025,6/20/2025
2041,Campaign_41,Google Ads,Conversion,North America,240,2775,13191,18974,58,734,2.17,6.2,5.31,12/9/2025,12/23/2025
2042,Campaign_42,Twitter,Engagement,South America,2281,2532,436376,14492,1160,15872,2.86,2.54,10.11,8/13/2025,6/30/2025
2043,Campaign_43,Instagram,Conversion,South America,4883,1591,362680,23450,232,20491,0.76,6.94,13.12,11/9/2025,11/15/2025
2044,Campaign_44,YouTube,Engagement,Asia,1822,3129,114576,12361,930,24927,2.65,6.01,11.51,4/13/2025,1/27/2026
2045,Campaign_45,Email,Awareness,South America,541,1947,205713,12964,1312,1022,2.45,5.07,11.05,12/13/2025,1/6/2026
2046,Campaign_46,Email,Retention,South America,4252,4540,452939,21508,1441,22788,2.06,9.76,7.52,10/28/2025,6/9/2025
2047,Campaign_47,YouTube,Awareness,South America,2274,4159,13631,2133,1538,13218,1.91,6.87,10.56,3/29/2025,9/27/2025
2048,Campaign_48,Twitter,Retention,South America,845,1544,147244,18401,1327,21772,1.02,3.82,8.52,10/30/2025,3/30/2025
2049,Campaign_49,LinkedIn,Engagement,Europe,4463,4431,314224,12985,1829,10321,2.47,8.02,3.64,6/17/2025,8/17/2025
2050,Campaign_50,LinkedIn,Conversion,Europe,809,1419,230169,11349,286,6332,1.55,8.86,3.52,6/19/2025,8/30/2025
2051,Campaign_51,Twitter,Awareness,Asia,654,4882,100353,4148,1471,13320,0.31,1.34,4.8,5/15/2025,3/17/2025
2052,Campaign_52,LinkedIn,Retention,North America,3153,3864,423497,15677,1140,16711,1.01,2.09,13.71,2/19/2025,5/8/2025
2053,Campaign_53,Google Ads,Awareness,South America,1908,679,38671,13640,1691,7622,2.81,2.24,8.44,12/6/2025,11/6/2025
2054,Campaign_54,Email,Retention,North America,3672,3773,132811,18421,429,6342,2.57,6.94,11.14,12/13/2025,2/23/2025
2055,Campaign_55,Twitter,Awareness,North America,3169,3108,192503,14857,620,1816,2.95,6.07,5.53,5/14/2025,1/1/2026
2056,Campaign_56,Email,Retention,Asia,3228,3064,231972,13868,1462,13700,1.92,6.23,6.41,12/13/2025,3/16/2025
2057,Campaign_57,YouTube,Retention,South America,4997,3741,263211,3637,384,18008,0.82,9.41,2.32,5/17/2025,2/27/2025
2058,Campaign_58,Facebook,Engagement,South America,2881,2297,399878,23869,82,22505,0.57,7.78,2.98,9/2/2025,11/9/2025
2059,Campaign_59,Google Ads,Retention,Australia,3829,4723,234033,597,1982,22307,0.64,1.37,12.5,4/19/2025,5/8/2025
2060,Campaign_60,TikTok,Engagement,North America,4425,3519,431818,11907,1667,15706,0.16,3.54,8.98,11/9/2025,3/8/2025
2061,Campaign_61,Google Ads,Retention,North America,3267,1089,229861,13222,1063,19471,1.23,4.41,5.39,10/14/2025,5/20/2025
2062,Campaign_62,Twitter,Conversion,Europe,1586,675,323543,13424,1221,22556,0.66,4.02,12.14,1/21/2025,3/27/2025
2063,Campaign_63,TikTok,Conversion,Australia,3976,151,164544,4250,1397,1878,1.29,6.73,4.07,3/31/2025,8/11/2025
2064,Campaign_64,Facebook,Conversion,Europe,3066,524,190302,9035,1899,20258,2.81,8.93,14.65,10/23/2025,9/7/2025
2065,Campaign_65,Twitter,Retention,Europe,4988,2490,476832,24987,1833,2019,1.35,3.13,5.5,4/22/2025,8/4/2025
2066,Campaign_66,Instagram,Engagement,Europe,3563,4155,17099,22297,1484,22661,2.65,5.56,5.39,10/28/2025,4/10/2025
2067,Campaign_67,Email,Engagement,Asia,4324,3202,259686,5166,204,8435,1.86,7.92,5.02,3/18/2025,12/14/2025
2068,Campaign_68,Facebook,Retention,Asia,348,4798,428647,16509,1189,6593,0.82,4.22,2.27,6/26/2025,6/10/2025
2069,Campaign_69,Email,Conversion,Europe,4050,2515,66492,17494,1205,5855,1.13,1.76,2.11,12/9/2025,3/27/2025
2070,Campaign_70,LinkedIn,Conversion,Australia,2258,1675,106722,2227,856,21852,0.34,4.8,9.9,5/28/2025,5/8/2025
2071,Campaign_71,Instagram,Engagement,North America,1336,4626,450900,2354,1074,9583,1.07,0.65,13.19,4/11/2025,1/2/2026
2072,Campaign_72,Instagram,Conversion,Australia,386,1796,40111,11300,1096,6074,2.06,9.43,11.96,9/3/2025,4/28/2025
2073,Campaign_73,Facebook,Awareness,South America,3054,163,73936,5555,32,20956,0.31,0.84,2.55,4/27/2025,11/21/2025
2074,Campaign_74,Instagram,Engagement,Asia,1450,4749,163686,10771,369,13824,0.7,4.44,8.41,4/2/2025,5/30/2025
2075,Campaign_75,TikTok,Conversion,North America,1533,2428,233332,19208,1108,2757,1.21,5.35,2.03,1/28/2025,8/27/2025
2076,Campaign_76,Instagram,Engagement,North America,4393,3305,445207,13319,569,13911,2.95,9.85,1.16,1/25/2025,12/31/2025
2077,Campaign_77,Email,Awareness,South America,4350,279,211548,9869,681,15733,2.38,1.74,10.02,2/27/2025,7/4/2025
2078,Campaign_78,Email,Engagement,South America,2911,3964,259031,9783,1858,16387,2.23,1.23,8.26,10/24/2025,3/7/2025
2079,Campaign_79,Twitter,Engagement,Europe,4701,3366,333064,13671,1151,21308,0.44,0.19,1.69,5/14/2025,4/20/2025
2080,Campaign_80,Email,Engagement,Asia,1985,3088,497510,6274,1645,20121,2.36,1.64,1.01,11/27/2025,4/8/2025
2081,Campaign_81,Twitter,Engagement,Asia,950,4078,73530,7019,1413,20777,2.38,2.15,14.85,9/6/2025,1/9/2026
2082,Campaign_82,Email,Awareness,Australia,1962,2190,439440,11483,1962,2505,1.84,6.34,0.94,2/7/2025,3/6/2025
2083,Campaign_83,TikTok,Retention,Europe,4120,177,279932,18633,1953,18900,2.97,2.28,6.95,3/16/2025,5/8/2025
2084,Campaign_84,YouTube,Engagement,Europe,4660,2263,38082,15439,688,11360,1.04,0.3,7.82,5/22/2025,7/19/2025
2085,Campaign_85,Twitter,Engagement,Europe,681,1402,395431,1281,1323,10570,2.83,8.28,2.2,11/18/2025,7/19/2025
2086,Campaign_86,Google Ads,Conversion,Europe,353,4506,99570,16782,449,9888,2.75,3.72,2.95,6/17/2025,7/1/2025
2087,Campaign_87,LinkedIn,Engagement,Asia,1724,2196,111015,24432,1701,18656,0.13,3.6,5.6,9/16/2025,4/12/2025
2088,Campaign_88,Facebook,Conversion,Asia,2320,4705,217888,7323,942,20860,1.41,3.09,11.54,12/21/2025,2/3/2025
2089,Campaign_89,Email,Retention,Europe,2543,4173,355732,18989,16,18635,2.93,9.76,7.85,8/13/2025,12/11/2025
2090,Campaign_90,Instagram,Awareness,Australia,1440,4546,157603,20751,1229,24314,0.4,1.78,9.75,6/1/2025,3/4/2025
2091,Campaign_91,YouTube,Awareness,North America,260,3524,360484,7693,430,15109,1.69,8.99,14.79,1/19/2025,11/14/2025
2092,Campaign_92,Email,Retention,North America,1138,3616,104439,21860,1601,24054,2.94,7.79,11.64,5/26/2025,4/23/2025
2093,Campaign_93,Instagram,Awareness,Australia,1839,3231,448073,2613,842,23353,1.71,0.86,6.8,8/29/2025,3/15/2025
2094,Campaign_94,LinkedIn,Retention,Europe,4320,3928,151214,16780,1226,16863,0.65,9.87,6.97,12/10/2025,5/16/2025
2095,Campaign_95,LinkedIn,Retention,Asia,4426,779,125053,22763,568,20104,1.79,2.79,9.47,8/25/2025,2/1/2025
2096,Campaign_96,LinkedIn,Retention,North America,3769,419,58355,14065,1181,17423,0.69,1.08,10.15,2/4/2025,4/2/2025
2097,Campaign_97,Instagram,Awareness,South America,1452,2789,413082,20854,1820,15323,1.61,8.31,7.76,7/9/2025,10/28/2025
2098,Campaign_98,Email,Conversion,South America,4403,2143,211139,10683,1702,18345,0.31,7.1,9.85,1/1/2025,7/30/2025
2099,Campaign_99,LinkedIn,Retention,Australia,371,3041,244706,24148,1235,22068,1.86,6.21,0.84,6/2/2025,9/12/2025
2100,Campaign_100,TikTok,Engagement,Europe,1658,3582,135426,18461,1477,9047,1.6,1.64,6.73,5/6/2025,2/6/2025
2101,Campaign_101,Twitter,Awareness,North America,3749,1430,74027,9703,923,12015,2.25,4.84,4.54,12/11/2025,5/14/2025
2102,Campaign_102,Instagram,Retention,Europe,4397,2510,461122,19158,1452,734,1.93,7.83,2.37,8/14/2025,2/10/2025
2103,Campaign_103,Instagram,Retention,North America,2522,725,169210,21753,1460,15062,1.69,3.11,1.94,8/9/2025,4/12/2025
2104,Campaign_104,Email,Engagement,Australia,1836,1457,102601,16295,1016,18432,2.1,3.19,9.25,7/30/2025,5/1/2025
2105,Campaign_105,Instagram,Conversion,Australia,3315,3342,39956,23628,1512,7980,0.52,0.13,8.09,1/25/2025,9/14/2025
2106,Campaign_106,Instagram,Conversion,South America,4290,3328,248340,19310,1508,4713,1.83,1.83,4.18,1/16/2025,7/8/2025
2107,Campaign_107,LinkedIn,Conversion,Europe,3204,2884,114797,13989,135,10793,0.6,8.77,7.33,7/1/2025,9/16/2025
2108,Campaign_108,Email,Retention,South America,529,2362,397061,6046,404,2173,2.78,4.47,7.64,11/25/2025,6/6/2025
2109,Campaign_109,LinkedIn,Retention,Europe,3840,2502,398447,7352,826,23592,0.3,9.84,3.33,5/9/2025,8/28/2025
2110,Campaign_110,Twitter,Retention,South America,4094,3718,479511,3051,890,24866,1.35,4.02,9.96,2/11/2025,5/8/2025
2111,Campaign_111,YouTube,Awareness,Asia,4307,1805,146511,6911,1839,2600,2.12,7.18,11.82,12/2/2025,4/15/2025
2112,Campaign_112,Twitter,Engagement,Asia,1541,1729,450457,16891,585,12349,1.43,2.89,11.98,8/24/2025,5/26/2025
2113,Campaign_113,YouTube,Retention,Asia,3863,2353,314677,24971,334,20632,0.37,3.7,9.24,12/26/2025,8/10/2025
2114,Campaign_114,LinkedIn,Engagement,Asia,415,1540,431486,19439,1425,20057,1.7,1.99,7.92,2/3/2025,7/20/2025
2115,Campaign_115,Twitter,Engagement,North America,538,1892,88815,975,939,18699,1.96,3.54,1.38,12/11/2025,12/4/2025
2116,Campaign_116,Email,Conversion,Asia,4262,2075,49279,22300,1721,4341,2.14,5.52,4.67,2/14/2025,8/23/2025
2117,Campaign_117,Facebook,Awareness,Australia,2908,769,381931,10903,1661,10697,1.18,9.92,1.85,5/14/2025,3/28/2025
2118,Campaign_118,LinkedIn,Retention,Australia,3352,1424,427104,7739,1473,8516,1.73,6.68,14.48,1/21/2025,8/27/2025
2119,Campaign_119,YouTube,Conversion,North America,1950,1106,158702,7210,1237,7511,1.41,2.07,2.46,5/2/2025,3/13/2025
2120,Campaign_120,TikTok,Conversion,Asia,2621,2089,71063,21884,1519,4993,2.05,0.55,2.7,3/11/2025,3/4/2025
2121,Campaign_121,YouTube,Retention,Asia,909,4103,259599,21538,842,17558,1.79,1.35,13.4,12/18/2025,2/15/2025
2122,Campaign_122,TikTok,Engagement,Asia,3926,2531,264311,8578,1064,24972,1.62,5.67,14.19,12/27/2025,4/3/2025
2123,Campaign_123,Instagram,Conversion,South America,3842,1118,137896,22947,1421,9078,0.82,7.68,11.6,2/17/2025,7/5/2025
2124,Campaign_124,Twitter,Engagement,Europe,4193,1466,176216,2785,1658,2658,0.11,9.41,0.58,2/8/2025,11/11/2025
2125,Campaign_125,TikTok,Awareness,South America,688,1193,455377,5723,1910,19545,0.6,0.26,0.52,10/14/2025,8/28/2025
2126,Campaign_126,YouTube,Engagement,Europe,246,431,499934,14021,1467,2564,0.44,5.28,5.98,1/10/2025,12/17/2025
2127,Campaign_127,Instagram,Awareness,Asia,3559,2994,232146,15389,846,3753,1.4,4.76,2.58,1/30/2025,8/6/2025
2128,Campaign_128,Facebook,Engagement,Asia,600,1208,218432,7471,935,21863,1.88,6.59,0.77,9/1/2025,6/10/2025
2129,Campaign_129,Email,Conversion,South America,4190,4443,192051,20409,1409,24587,0.72,5.64,7.23,10/1/2025,6/7/2025
2130,Campaign_130,Email,Conversion,South America,3357,2682,107661,12031,1377,13328,2.82,6.9,14.17,3/29/2025,11/19/2025
2131,Campaign_131,Email,Awareness,Europe,4545,3978,410195,15221,452,1901,0.12,6.62,5.2,9/1/2025,5/25/2025
2132,Campaign_132,TikTok,Retention,Australia,590,1158,429405,19706,1612,20143,2.34,1.26,10.09,11/25/2025,8/18/2025
2133,Campaign_133,Facebook,Awareness,Europe,4053,1379,183672,5443,84,15693,1.91,8.02,9.96,1/15/2025,2/13/2025
2134,Campaign_134,TikTok,Awareness,South America,4630,1185,462776,7030,566,12596,1.18,1.32,4.14,1/4/2025,10/29/2025
2135,Campaign_135,Twitter,Engagement,South America,828,4735,481256,11616,1805,20807,0.25,7.02,9.93,7/10/2025,4/30/2025
2136,Campaign_136,TikTok,Engagement,North America,4432,425,133257,758,1699,4714,1.92,4.22,3.58,6/17/2025,9/3/2025
2137,Campaign_137,Facebook,Awareness,South America,3130,2890,464774,782,1188,20111,1.22,5.19,2.27,1/9/2025,11/5/2025
2138,Campaign_138,Facebook,Conversion,North America,1721,2439,358349,14437,1463,11523,2.82,9.04,10.67,4/19/2025,8/22/2025
2139,Campaign_139,Twitter,Engagement,Australia,1026,1389,279054,2398,372,12450,1.67,8.91,2.14,5/17/2025,4/15/2025
2140,Campaign_140,Facebook,Retention,Europe,1700,275,460929,4635,457,11204,2.82,8.2,14.96,6/3/2025,2/25/2025
2141,Campaign_141,YouTube,Engagement,Europe,3494,4215,319001,7129,1267,10843,0.74,5.15,3.16,7/28/2025,5/12/2025
2142,Campaign_142,Facebook,Engagement,North America,2619,4462,44964,11668,1596,12367,2.2,7.39,9.12,9/29/2025,7/26/2025
2143,Campaign_143,Email,Retention,Europe,1134,4018,488883,20084,1851,3245,1.89,5.18,6.46,5/23/2025,5/28/2025
2144,Campaign_144,YouTube,Awareness,South America,3242,1358,428443,21994,271,22975,2.24,8.71,2.33,4/9/2025,7/16/2025
2145,Campaign_145,YouTube,Retention,Asia,4697,3399,409194,24051,1860,4366,0.72,4.09,0.9,11/4/2025,3/13/2025
2146,Campaign_146,Twitter,Awareness,North America,1666,1068,490743,1112,134,12456,2.03,9.71,9.53,3/10/2025,1/10/2026
2147,Campaign_147,Google Ads,Awareness,Europe,3761,4073,289297,14703,920,6318,1.54,9.33,12.2,9/4/2025,5/31/2025
2148,Campaign_148,Google Ads,Awareness,North America,814,4553,331909,17571,254,19106,2.25,7.44,12.71,9/18/2025,5/8/2025
2149,Campaign_149,Facebook,Retention,North America,1382,2119,240156,20574,551,16593,1.05,2.87,7.5,10/3/2025,6/25/2025
2150,Campaign_150,YouTube,Awareness,Asia,3423,2943,118212,2807,1971,19676,2.68,1.4,11.77,3/20/2025,9/4/2025
2151,Campaign_151,Google Ads,Conversion,South America,2867,1041,49071,7633,494,15993,0.34,8.56,10.26,5/26/2025,9/17/2025
2152,Campaign_152,Google Ads,Retention,North America,330,4620,122990,11705,131,20947,2.44,1.74,11,4/21/2025,12/10/2025
2153,Campaign_153,Facebook,Conversion,Europe,3183,2183,79519,23393,134,18408,2.6,8.56,7.64,9/15/2025,6/10/2025
2154,Campaign_154,Google Ads,Awareness,Australia,4478,1514,19503,6406,1582,8724,2.47,4.96,9.68,4/3/2025,1/18/2026
2155,Campaign_155,TikTok,Engagement,North America,4659,278,201775,3091,179,23082,1.59,4.12,12.18,1/13/2025,12/15/2025
2156,Campaign_156,Instagram,Awareness,North America,238,1164,467595,15649,133,4525,1.37,9.04,6.27,9/17/2025,6/17/2025
2157,Campaign_157,Twitter,Conversion,Asia,4159,1949,105457,12650,1902,19450,2.99,6.08,12.19,4/19/2025,12/21/2025
2158,Campaign_158,Instagram,Conversion,South America,3787,4762,198938,7683,1068,19687,0.76,5.81,9.08,11/26/2025,1/3/2026
2159,Campaign_159,Facebook,Retention,Australia,1120,1668,157977,22132,1120,20593,1.69,5.63,2.91,7/8/2025,10/31/2025
2160,Campaign_160,Email,Engagement,Europe,2969,4331,55838,10602,655,6655,2.04,3.77,0.86,4/5/2025,5/28/2025
2161,Campaign_161,Twitter,Retention,Australia,4311,1348,397344,21992,1741,14339,2.13,7.88,5.76,4/15/2025,12/3/2025
2162,Campaign_162,Facebook,Conversion,Europe,692,4023,461495,20488,795,1219,0.69,2.6,8.43,1/8/2025,5/5/2025
2163,Campaign_163,YouTube,Awareness,South America,1331,2624,99489,17553,210,15390,2,9.4,12.68,3/8/2025,7/18/2025
2164,Campaign_164,Email,Engagement,Europe,3721,3635,36806,21248,378,23400,2.47,8.95,2.35,7/10/2025,8/22/2025
2165,Campaign_165,Instagram,Awareness,Asia,510,4199,186072,24213,806,21463,0.25,3.44,12.1,9/13/2025,1/7/2026
2166,Campaign_166,Facebook,Awareness,Asia,938,3869,425384,1783,86,17856,2.74,7.32,13.01,1/9/2025,6/29/2025
2167,Campaign_167,YouTube,Engagement,Asia,3441,452,80119,1423,68,20602,0.19,5.77,2.68,4/27/2025,8/2/2025
2168,Campaign_168,Twitter,Retention,Asia,745,4102,310858,1625,440,24279,1.13,3.44,12.85,9/24/2025,7/2/2025
2169,Campaign_169,Twitter,Awareness,Australia,2661,4833,195165,2029,647,21286,0.15,9.89,14.88,4/9/2025,4/15/2025
2170,Campaign_170,LinkedIn,Conversion,South America,4546,1136,327563,8938,1533,21436,0.32,0.35,11.04,10/25/2025,1/31/2026
2171,Campaign_171,YouTube,Awareness,Europe,2004,2013,452361,20595,1946,19091,2.74,2.6,11.88,6/13/2025,11/1/2025
2172,Campaign_172,TikTok,Engagement,Europe,3412,4590,115432,16654,118,4926,1.13,5.25,14.92,5/21/2025,3/14/2025
2173,Campaign_173,Google Ads,Engagement,Asia,4010,3222,480641,8504,1769,23803,1.33,5.27,9.28,9/25/2025,8/31/2025
2174,Campaign_174,Email,Engagement,Asia,1013,3274,365093,10252,1017,13012,0.72,5.93,4.96,2/6/2025,5/12/2025
2175,Campaign_175,YouTube,Retention,North America,4324,1477,481027,23158,1311,15564,1.83,7.54,12.64,3/15/2025,3/17/2025
2176,Campaign_176,LinkedIn,Awareness,South America,2232,2558,405677,11092,77,14267,1.82,6.27,9.41,3/14/2025,4/23/2025
2177,Campaign_177,Google Ads,Retention,Australia,4772,3823,417507,4364,1102,11808,1.18,6.04,8.93,11/4/2025,2/17/2025
2178,Campaign_178,Google Ads,Retention,Europe,4613,3441,187876,24717,1198,11977,1.07,0.63,4.18,7/18/2025,4/14/2025
2179,Campaign_179,Facebook,Engagement,North America,444,4183,349115,23672,1522,13403,2.67,3.83,11.47,5/10/2025,2/14/2025
2180,Campaign_180,Google Ads,Engagement,North America,4992,853,365615,726,314,9180,1.21,2.4,1.68,9/3/2025,7/7/2025
2181,Campaign_181,TikTok,Retention,Europe,471,724,337090,15536,1942,2704,1.53,2.73,13.9,11/8/2025,9/11/2025
2182,Campaign_182,Twitter,Awareness,Australia,3711,3382,371133,12239,683,22229,0.92,5.59,5.22,3/1/2025,6/12/2025
2183,Campaign_183,LinkedIn,Conversion,North America,1971,2782,94080,17148,374,20160,2.38,2.08,2.35,10/6/2025,1/4/2026
2184,Campaign_184,Google Ads,Retention,North America,1462,3978,262791,10087,1887,1602,1.25,3.01,6.91,4/13/2025,3/19/2025
2185,Campaign_185,Facebook,Awareness,South America,2624,3380,464548,12249,830,5743,1.59,2.45,1.12,10/23/2025,5/18/2025
2186,Campaign_186,TikTok,Engagement,Australia,4561,638,87794,1145,1412,7114,0.83,9.49,10.43,11/16/2025,5/19/2025
2187,Campaign_187,Instagram,Engagement,North America,1120,1497,302985,16799,352,16799,2.96,9.45,13.59,12/7/2025,10/23/2025
2188,Campaign_188,Twitter,Awareness,Australia,3630,3831,134447,24428,956,9207,0.95,6.14,12.64,5/31/2025,8/24/2025
2189,Campaign_189,Twitter,Conversion,Europe,4635,3323,130029,22453,908,14413,2.34,9.25,2.35,6/6/2025,4/20/2025
2190,Campaign_190,LinkedIn,Engagement,Asia,4684,4739,189830,19874,1587,22107,1.34,7.88,2.33,7/25/2025,7/5/2025
2191,Campaign_191,Twitter,Engagement,North America,2824,1817,348416,14175,1387,1130,0.7,5.94,12.29,6/28/2025,10/29/2025
2192,Campaign_192,Google Ads,Engagement,South America,3960,1787,47643,19388,1449,12408,2.42,0.16,13.9,7/16/2025,10/5/2025
2193,Campaign_193,Facebook,Awareness,Europe,2250,4264,453624,11464,1142,11347,1.07,7.75,7.18,8/11/2025,2/19/2025
2194,Campaign_194,Twitter,Retention,Australia,3700,3703,316094,16587,1596,9671,2.61,7.05,7.74,3/30/2025,1/12/2026
2195,Campaign_195,Twitter,Engagement,Europe,1365,1150,197921,14037,771,13221,2.75,6.19,5.11,10/14/2025,2/26/2025
2196,Campaign_196,Instagram,Retention,North America,575,1000,372644,13769,1530,23567,2.59,7.63,13.47,10/3/2025,9/5/2025
2197,Campaign_197,Instagram,Conversion,Australia,2233,1538,169116,9846,350,17161,0.2,5.18,9.85,8/24/2025,7/4/2025
2198,Campaign_198,Email,Engagement,Asia,345,3862,397732,1087,951,17116,2.38,7.07,4.68,7/2/2025,7/4/2025
2199,Campaign_199,TikTok,Engagement,Europe,4588,1517,25997,13263,392,10244,1.29,9.36,4.83,7/28/2025,7/24/2025
2200,Campaign_200,Google Ads,Conversion,North America,631,971,351895,9677,1013,6190,2.63,3.82,13.42,5/10/2025,5/3/2025
2201,Campaign_201,Twitter,Engagement,South America,904,604,108605,4579,1566,13901,1.95,7.11,0.7,6/2/2025,1/4/2026
2202,Campaign_202,YouTube,Retention,Australia,2832,1774,427127,3848,309,8159,2.52,4.81,5.18,1/13/2025,7/31/2025
2203,Campaign_203,Twitter,Awareness,Europe,4694,2922,327677,23183,148,11101,1.55,6.78,8.54,5/2/2025,6/11/2025
2204,Campaign_204,Facebook,Retention,Europe,1163,3876,354710,20715,368,12204,1.65,7.65,2.65,12/25/2025,11/25/2025
2205,Campaign_205,Email,Awareness,Asia,2434,3297,235942,18599,845,525,0.52,0.55,1.84,8/8/2025,11/2/2025
2206,Campaign_206,TikTok,Awareness,Asia,2241,4239,155643,11285,1532,15884,2.37,6.5,12.32,4/16/2025,10/31/2025
2207,Campaign_207,YouTube,Retention,South America,2028,2340,118255,12828,1418,14205,1.32,2.34,13.47,3/11/2025,4/17/2025
2208,Campaign_208,Email,Retention,South America,2308,1066,270298,6950,1637,24352,1.55,6.73,12.44,7/14/2025,7/27/2025
2209,Campaign_209,LinkedIn,Retention,North America,4268,4136,497679,13730,1992,23294,2.38,4.74,13.53,7/5/2025,8/3/2025
2210,Campaign_210,TikTok,Retention,North America,1138,3025,461157,5933,1313,9152,1.84,7.76,8.52,4/9/2025,12/16/2025
2211,Campaign_211,Twitter,Conversion,South America,1006,1590,68005,1598,1670,20648,0.68,1.32,12.28,3/23/2025,6/11/2025
2212,Campaign_212,Twitter,Engagement,South America,1663,4550,227322,7596,492,23483,1.81,6.3,6.07,3/16/2025,1/29/2026
2213,Campaign_213,TikTok,Awareness,Australia,3615,885,199784,19210,918,13879,1.28,2.86,10.16,12/6/2025,3/21/2025
2214,Campaign_214,Twitter,Retention,Asia,210,3718,53541,11939,1144,21986,1.46,8.54,14.84,7/11/2025,3/27/2025
2215,Campaign_215,Google Ads,Retention,North America,2068,3488,33387,9587,875,7506,0.18,9.29,3.77,11/21/2025,7/4/2025
2216,Campaign_216,TikTok,Retention,Asia,1084,3165,366124,16521,148,20367,0.71,9.96,6.15,8/2/2025,1/21/2026
2217,Campaign_217,Email,Conversion,Asia,3764,3039,189980,6916,1005,18878,0.92,7.98,7.46,11/11/2025,8/19/2025
2218,Campaign_218,TikTok,Retention,South America,1589,1111,95457,7480,444,9182,2.17,7.56,2.5,11/14/2025,12/5/2025
2219,Campaign_219,YouTube,Retention,Australia,3601,3139,154129,23647,518,1572,0.13,2.23,1.68,5/24/2025,1/22/2026
2220,Campaign_220,Twitter,Retention,Europe,4521,3998,74028,18558,282,23591,1.29,3.43,12.53,8/4/2025,5/29/2025
2221,Campaign_221,Google Ads,Engagement,Australia,1024,1176,129246,11601,1132,715,2.78,4.71,14.66,12/27/2025,10/21/2025
2222,Campaign_222,Google Ads,Conversion,Australia,2465,4015,327875,8450,1797,24489,0.42,7.76,6.37,11/20/2025,3/18/2025
2223,Campaign_223,LinkedIn,Retention,Asia,1136,3013,165930,9622,1883,10415,1.6,9.16,1.77,1/15/2025,11/29/2025
2224,Campaign_224,Email,Awareness,Australia,3000,2651,189761,13076,113,10284,2.38,1.97,1.45,8/5/2025,1/22/2026
2225,Campaign_225,Instagram,Awareness,North America,2753,2097,54638,22933,1247,19490,2.83,9.23,13.42,2/4/2025,8/8/2025
2226,Campaign_226,Instagram,Awareness,Asia,4045,1327,494814,1589,1794,15324,2.27,6.99,7.23,7/2/2025,12/7/2025
2227,Campaign_227,TikTok,Conversion,North America,1996,161,187558,5078,1697,21665,2.19,6.15,5.14,9/27/2025,12/15/2025
2228,Campaign_228,LinkedIn,Conversion,Europe,253,4549,30567,9627,771,3813,2.5,2.08,7.41,12/24/2025,6/9/2025
2229,Campaign_229,Facebook,Awareness,Asia,926,3514,432955,10987,796,11533,1.39,0.65,5.12,4/10/2025,3/21/2025
2230,Campaign_230,TikTok,Retention,Europe,2936,3172,67804,655,174,10468,2.44,5.73,7.59,1/7/2025,2/25/2025
2231,Campaign_231,LinkedIn,Conversion,Asia,3370,3521,380965,2458,1008,16741,0.12,6.55,12.96,1/30/2025,10/24/2025
2232,Campaign_232,Email,Awareness,South America,2113,2980,13754,11193,1886,24647,2.78,2.19,9.09,11/1/2025,5/29/2025
2233,Campaign_233,Email,Awareness,Australia,1796,192,37044,6844,529,6439,1.39,5.61,10.57,5/24/2025,6/24/2025
2234,Campaign_234,Email,Retention,South America,2114,1093,77260,6279,1317,15196,1.7,8.58,5.79,4/21/2025,8/19/2025
2235,Campaign_235,Email,Engagement,Europe,2666,2540,76912,23028,526,15294,0.84,8.37,11.21,8/20/2025,7/7/2025
2236,Campaign_236,Email,Conversion,Australia,2937,2695,266695,21947,666,2795,2.25,9.28,10.17,6/28/2025,1/14/2026
2237,Campaign_237,LinkedIn,Retention,Asia,1049,2561,18706,4330,622,22569,0.32,3.72,2.23,3/13/2025,6/14/2025
2238,Campaign_238,LinkedIn,Awareness,Australia,2309,1154,281038,9546,173,2196,2.63,3.25,8.8,7/29/2025,6/28/2025
2239,Campaign_239,Google Ads,Awareness,North America,202,170,421253,10294,1919,11685,2.5,7.52,4.22,8/8/2025,1/2/2026
2240,Campaign_240,YouTube,Retention,Australia,4455,556,356130,23543,1692,18830,0.73,4.37,12.16,3/21/2025,4/12/2025
2241,Campaign_241,Instagram,Conversion,North America,4269,1164,354086,941,73,12501,2.45,0.97,6.68,3/24/2025,9/21/2025
2242,Campaign_242,Twitter,Engagement,Australia,1092,4581,192684,22924,1124,14850,2.38,2.9,14.92,2/11/2025,12/31/2025
2243,Campaign_243,Email,Engagement,North America,2230,1988,39725,22809,1150,19667,1.93,4.24,1.84,9/30/2025,11/26/2025
2244,Campaign_244,Facebook,Awareness,Europe,3360,3338,146998,14978,1899,4144,1.18,3,11.82,7/10/2025,7/4/2025
2245,Campaign_245,Twitter,Conversion,South America,2576,864,114555,24242,276,22125,0.89,3.39,10.27,6/22/2025,5/1/2025
2246,Campaign_246,LinkedIn,Engagement,Asia,4875,4296,271486,5128,1855,6920,0.77,3.01,11.63,1/7/2025,12/31/2025
2247,Campaign_247,Facebook,Conversion,Australia,2133,4004,281640,6870,1718,24441,1.02,0.51,4.96,6/4/2025,8/18/2025
2248,Campaign_248,Facebook,Conversion,South America,1580,4569,66447,10028,1592,12337,2.72,6.41,7.63,1/10/2025,7/11/2025
2249,Campaign_249,Facebook,Awareness,Asia,3881,290,373748,17832,1173,19529,0.33,6.01,12.05,2/3/2025,2/26/2025
2250,Campaign_250,Google Ads,Engagement,Asia,1490,4715,170878,12065,255,23473,2.5,6.57,3.87,2/5/2025,6/1/2025
2251,Campaign_251,LinkedIn,Retention,North America,1840,1113,360343,8679,1694,6853,1.11,2,3.78,1/6/2025,11/28/2025
2252,Campaign_252,Facebook,Awareness,Europe,2882,522,51321,16513,1791,11041,1.61,3.03,8.49,8/3/2025,8/31/2025
2253,Campaign_253,Email,Engagement,Europe,1187,3785,263113,22999,404,2432,2.4,6.23,8.09,5/14/2025,4/4/2025
2254,Campaign_254,TikTok,Engagement,South America,1418,2691,243103,17343,1520,11986,2.66,6.04,4.59,10/12/2025,4/9/2025
2255,Campaign_255,Facebook,Engagement,Europe,1555,3760,468311,24452,485,2257,1.1,5.11,4.82,5/6/2025,10/11/2025
2256,Campaign_256,Google Ads,Engagement,Australia,4465,1842,425872,21530,1550,5585,1.44,3.57,4.53,12/3/2025,2/2/2025
2257,Campaign_257,Twitter,Engagement,Europe,4816,255,65147,892,986,6137,1.3,9.14,11.69,6/23/2025,5/19/2025
2258,Campaign_258,LinkedIn,Conversion,South America,4335,1831,101396,12630,1217,1616,0.14,3.46,9.95,6/1/2025,11/13/2025
2259,Campaign_259,YouTube,Awareness,Europe,1760,4247,452882,18671,1053,11259,0.96,4.61,12.57,11/27/2025,3/21/2025
2260,Campaign_260,Google Ads,Conversion,Australia,1618,4166,485584,24258,1970,12191,1.43,6.81,14.64,1/26/2025,6/20/2025
2261,Campaign_261,Facebook,Retention,North America,1154,2786,310931,10949,567,992,1.29,5.48,7.38,4/25/2025,9/6/2025
2262,Campaign_262,LinkedIn,Engagement,South America,1183,2287,254839,18022,1027,9311,2.19,3.53,1.47,10/11/2025,3/16/2025
2263,Campaign_263,TikTok,Awareness,North America,1174,3566,466162,21625,1557,24772,1.22,4.41,1.2,3/16/2025,10/27/2025
2264,Campaign_264,Facebook,Engagement,North America,4333,4595,31727,7918,1615,6974,1.52,7.97,4.79,6/15/2025,4/19/2025
2265,Campaign_265,Google Ads,Awareness,North America,4172,3680,249423,23246,1562,14885,1.35,2.85,14.02,7/8/2025,9/4/2025
2266,Campaign_266,Instagram,Conversion,Asia,1113,1436,105081,2954,892,10238,2.25,1.51,8.09,3/19/2025,5/9/2025
2267,Campaign_267,Email,Awareness,Asia,4749,3329,394865,20558,156,21842,2.6,3.2,4.44,3/31/2025,9/24/2025
2268,Campaign_268,YouTube,Retention,North America,236,3804,251130,18261,675,14479,1.64,8.51,6.29,6/25/2025,11/9/2025
2269,Campaign_269,Twitter,Retention,South America,3587,2509,78056,15723,1337,12255,2.39,0.98,9.18,1/21/2025,6/29/2025
2270,Campaign_270,Google Ads,Awareness,Australia,1911,594,144153,7201,629,10297,0.96,9.92,9.97,2/23/2025,12/1/2025
2271,Campaign_271,LinkedIn,Awareness,Australia,3220,185,175268,3097,1781,15107,1.67,5.46,2.73,7/3/2025,4/7/2025
2272,Campaign_272,YouTube,Awareness,Europe,995,1625,177807,641,829,13367,1.1,9.85,14.67,12/25/2025,9/22/2025
2273,Campaign_273,YouTube,Awareness,South America,4236,4107,245821,3159,873,19627,1.3,9.4,8.4,8/10/2025,4/28/2025
2274,Campaign_274,YouTube,Retention,Asia,4888,1948,90102,21480,591,8366,2.22,4.58,2.47,11/11/2025,4/20/2025
2275,Campaign_275,Facebook,Engagement,North America,3311,1995,482794,9531,1032,15949,2.66,2.07,13.46,11/24/2025,8/24/2025
2276,Campaign_276,Email,Awareness,Europe,1524,1558,166570,15537,704,11185,0.45,1.73,1.58,6/28/2025,11/6/2025
2277,Campaign_277,Facebook,Awareness,Australia,517,1858,86865,14470,1795,24044,1.94,2.48,13.66,10/3/2025,1/3/2026
2278,Campaign_278,LinkedIn,Retention,Asia,2596,3088,172728,6161,1261,5951,1.79,7.13,14.95,4/22/2025,10/12/2025
2279,Campaign_279,Facebook,Retention,Asia,2362,1450,77695,6642,1135,22142,0.44,2.8,10.66,8/12/2025,12/1/2025
2280,Campaign_280,Instagram,Conversion,North America,2945,1393,441116,12609,1620,9048,0.71,3.48,11.67,8/2/2025,6/10/2025
2281,Campaign_281,Email,Awareness,Australia,1791,4126,127235,22510,1450,7686,1,4.54,5.39,2/28/2025,4/25/2025
2282,Campaign_282,Email,Conversion,South America,3311,3247,488115,9287,1991,6602,0.58,9.14,14.15,11/23/2025,11/3/2025
2283,Campaign_283,LinkedIn,Retention,Asia,4130,4766,450917,10596,1249,1119,0.81,1.97,8.18,4/19/2025,8/6/2025
2284,Campaign_284,Twitter,Retention,North America,2196,159,118777,8972,416,1382,0.88,0.15,11.12,6/6/2025,3/18/2025
2285,Campaign_285,Instagram,Engagement,South America,1512,2575,29033,17307,408,4142,1.07,0.69,13.9,7/10/2025,8/2/2025
2286,Campaign_286,Google Ads,Awareness,Australia,1485,1810,151877,23883,1956,1796,2.27,9.06,14.64,7/19/2025,10/26/2025
2287,Campaign_287,Facebook,Conversion,Asia,4511,2781,176923,4749,724,14622,1.76,6.51,12.58,11/8/2025,11/23/2025
2288,Campaign_288,TikTok,Retention,South America,2583,1222,36832,15449,713,3395,2.96,2.8,4.89,7/15/2025,12/19/2025
2289,Campaign_289,Facebook,Retention,South America,3439,3375,204509,2250,770,23477,1.3,1.85,14.51,2/4/2025,5/11/2025
2290,Campaign_290,YouTube,Conversion,South America,2339,1466,387869,21641,508,17813,2.29,3.01,9.61,9/3/2025,4/19/2025
2291,Campaign_291,Facebook,Engagement,Asia,1904,4295,155016,18851,1787,5866,2.63,1.24,13.99,8/25/2025,10/30/2025
2292,Campaign_292,Google Ads,Retention,Asia,562,3833,292017,4588,1498,9211,2.07,9.42,10.3,4/14/2025,1/5/2026
2293,Campaign_293,Facebook,Awareness,Europe,2804,3423,50372,21062,1724,20096,1.29,7.86,4.95,1/7/2025,7/12/2025
2294,Campaign_294,Instagram,Retention,Australia,1916,295,99464,24673,1982,19293,2.29,4.68,5.87,10/10/2025,3/16/2025
2295,Campaign_295,Instagram,Awareness,North America,4651,3190,156451,15782,983,8699,0.69,8.66,8.48,1/1/2025,9/26/2025
2296,Campaign_296,Email,Conversion,South America,4486,1612,127322,19830,1764,11217,1.05,2.57,11.96,8/7/2025,6/14/2025
2297,Campaign_297,LinkedIn,Awareness,Europe,3938,4826,177823,10141,91,3923,1.69,7.2,5.11,8/18/2025,8/11/2025
2298,Campaign_298,Twitter,Conversion,North America,2669,1734,372226,22278,613,10711,1.77,8.58,8.91,6/21/2025,1/22/2026
2299,Campaign_299,TikTok,Awareness,Europe,4995,632,230894,24764,1980,13282,0.16,3.63,5.51,3/28/2025,11/5/2025
2300,Campaign_300,YouTube,Conversion,Asia,756,3329,277254,5575,1720,23860,2.84,7.6,12.33,2/10/2025,2/18/2025
2301,Campaign_301,Facebook,Awareness,South America,1025,1399,457557,10912,1784,24478,2.12,3.02,7.27,5/3/2025,2/12/2025
2302,Campaign_302,Facebook,Engagement,North America,3008,780,284231,16186,781,22042,1.54,3.06,1.61,11/27/2025,7/30/2025
2303,Campaign_303,Google Ads,Awareness,North America,4721,811,426978,7730,912,12974,2.81,1.16,2.91,10/25/2025,6/3/2025
2304,Campaign_304,LinkedIn,Awareness,North America,2919,3653,354761,15932,374,4167,1.37,4.46,1.39,6/27/2025,10/4/2025
2305,Campaign_305,Instagram,Engagement,North America,3708,3002,110483,11502,172,22857,2.94,7.32,7.74,3/4/2025,9/10/2025
2306,Campaign_306,TikTok,Retention,North America,3941,2616,19596,14447,1081,23120,1.59,9.41,2.04,6/14/2025,3/23/2025
2307,Campaign_307,Email,Retention,Europe,1774,1137,244627,14186,520,8777,0.43,6.08,2.16,7/6/2025,4/12/2025
2308,Campaign_308,Instagram,Awareness,South America,4198,1696,117539,18415,1362,12924,2.32,8.65,14.15,7/28/2025,3/20/2025
2309,Campaign_309,YouTube,Engagement,Asia,2329,799,28313,13574,1873,19352,2.07,8.24,13.15,8/15/2025,2/19/2025
2310,Campaign_310,LinkedIn,Awareness,Asia,2603,1118,385319,19874,125,23101,2.34,1.82,7.06,2/17/2025,10/20/2025
2311,Campaign_311,YouTube,Conversion,Asia,3529,2787,207621,24039,950,20503,2.86,4.91,14.79,8/12/2025,4/25/2025
2312,Campaign_312,Twitter,Conversion,Asia,788,1250,124914,4993,1882,18520,2.35,1.26,0.5,1/3/2025,7/5/2025
2313,Campaign_313,Email,Awareness,Europe,2212,590,33705,17817,346,8655,1.87,6.85,9.4,6/24/2025,3/25/2025
2314,Campaign_314,Twitter,Retention,Australia,1747,919,208436,1960,890,4083,2.59,9.5,9.44,4/9/2025,5/18/2025
2315,Campaign_315,Google Ads,Retention,South America,494,1493,345589,14640,746,16015,2.05,1.46,7.13,4/26/2025,1/23/2026
2316,Campaign_316,YouTube,Awareness,North America,2185,4508,113892,19607,1897,4509,1.28,7.37,6.26,9/27/2025,12/1/2025
2317,Campaign_317,Google Ads,Awareness,Australia,3317,3879,219717,11204,849,20210,2.67,6.36,7.1,9/10/2025,6/15/2025
2318,Campaign_318,Facebook,Conversion,Asia,1890,4056,274167,17169,156,10910,0.74,5.88,6.52,11/13/2025,4/10/2025
2319,Campaign_319,Twitter,Retention,Australia,1336,1727,129654,17148,1608,19101,2.17,3.96,11.09,4/5/2025,2/11/2025
2320,Campaign_320,LinkedIn,Awareness,South America,2264,4158,200868,7316,1839,5467,2.66,3.62,2.46,9/30/2025,6/23/2025
2321,Campaign_321,YouTube,Conversion,North America,4655,3501,90073,12139,1356,19253,2.22,0.55,3.37,1/24/2025,8/11/2025
2322,Campaign_322,TikTok,Retention,North America,4995,2499,364341,14924,452,20522,2.12,2.26,3.12,4/26/2025,4/10/2025
2323,Campaign_323,Email,Engagement,South America,4743,3752,74429,14465,846,11195,2.28,0.25,4.31,5/31/2025,2/23/2025
2324,Campaign_324,Instagram,Conversion,South America,4970,1391,114195,18646,1046,9635,1.45,5.86,8.12,12/4/2025,7/31/2025
2325,Campaign_325,LinkedIn,Retention,Asia,1207,1275,202699,11740,952,6222,2.64,1.15,2.11,2/19/2025,11/20/2025
2326,Campaign_326,LinkedIn,Retention,North America,2714,2751,43848,540,1527,16014,0.69,8.74,13.09,7/25/2025,2/9/2025
2327,Campaign_327,Google Ads,Conversion,Australia,3726,1340,441020,6327,1734,11628,0.47,5.28,4.81,12/1/2025,10/29/2025
2328,Campaign_328,Twitter,Engagement,Europe,4881,4281,418595,8759,296,4944,0.93,7.03,2.86,3/20/2025,5/4/2025
2329,Campaign_329,YouTube,Conversion,Europe,1447,4598,462880,17871,729,8118,1.64,4.17,10.3,3/11/2025,2/17/2025
2330,Campaign_330,YouTube,Retention,South America,4102,222,299910,15349,1147,20831,1.58,5.65,1.05,1/27/2025,7/4/2025
2331,Campaign_331,Facebook,Awareness,Asia,1635,2064,78099,16732,489,18560,2.48,9.43,9.49,9/28/2025,12/25/2025
2332,Campaign_332,Facebook,Awareness,Europe,771,2622,439276,8304,31,1696,1.27,0.92,10.62,2/19/2025,6/29/2025
2333,Campaign_333,Email,Conversion,North America,2582,3196,497949,24673,1382,12797,1.5,2.61,3.62,10/19/2025,10/25/2025
2334,Campaign_334,Google Ads,Retention,South America,1445,857,79122,22601,1759,3287,0.14,7.82,1.11,9/4/2025,12/25/2025
2335,Campaign_335,LinkedIn,Awareness,Australia,2284,1954,157159,20082,692,24316,1.29,1.08,5.77,9/21/2025,5/17/2025
2336,Campaign_336,YouTube,Retention,South America,477,3863,58868,5874,1868,8427,1.98,0.85,1.93,3/20/2025,3/7/2025
2337,Campaign_337,TikTok,Conversion,Australia,2087,2714,129119,21674,1599,20202,0.14,3.68,2.19,7/9/2025,5/30/2025
2338,Campaign_338,Google Ads,Awareness,South America,4779,2625,426441,24067,915,23573,0.91,1.01,4.19,2/16/2025,2/14/2025
2339,Campaign_339,Email,Retention,South America,1465,3760,367430,3024,1843,2676,0.7,5.89,4.78,12/27/2025,2/14/2025
2340,Campaign_340,Email,Awareness,South America,1240,4405,278787,9777,329,20627,0.22,2.34,8.18,12/20/2025,10/24/2025
2341,Campaign_341,Google Ads,Conversion,Australia,1117,2973,496275,19363,135,9292,1.49,8.97,10.34,12/18/2025,6/20/2025
2342,Campaign_342,Email,Retention,Australia,1085,1885,308871,10385,286,21306,0.63,7.86,9.1,7/8/2025,11/21/2025
2343,Campaign_343,Google Ads,Awareness,South America,2952,1735,414221,22038,1237,20708,2.25,7.03,2.65,9/13/2025,1/30/2026
2344,Campaign_344,Instagram,Conversion,Europe,221,216,119079,1278,203,9671,2.56,6.21,3,8/10/2025,5/30/2025
2345,Campaign_345,Google Ads,Awareness,Asia,4769,3211,337841,1992,1714,2951,1.68,8.65,13.24,8/29/2025,9/26/2025
2346,Campaign_346,Twitter,Awareness,Asia,3391,2578,26029,17544,1697,1128,2.95,2.31,8.6,9/26/2025,3/6/2025
2347,Campaign_347,Google Ads,Engagement,Asia,2553,4303,256353,18232,1580,10321,1.41,8.74,13.11,1/1/2025,7/19/2025
2348,Campaign_348,Email,Engagement,Australia,4999,491,417442,14115,705,8278,1.59,7.92,5.89,2/3/2025,2/10/2025
2349,Campaign_349,YouTube,Conversion,Australia,886,2924,204718,12632,1319,4196,2.97,7.51,9.41,3/20/2025,6/2/2025
2350,Campaign_350,Twitter,Engagement,Europe,484,2967,463819,10678,66,20558,0.77,5.66,8.09,8/24/2025,6/25/2025
2351,Campaign_351,Email,Conversion,Asia,3947,2811,431947,8351,1767,20813,2.83,2.54,5.13,11/30/2025,9/11/2025
2352,Campaign_352,Facebook,Engagement,Asia,962,1382,381602,16788,1336,19649,0.22,4.29,7.31,12/15/2025,10/15/2025
2353,Campaign_353,Facebook,Awareness,South America,2628,4024,382528,7656,1196,21253,1.39,7.96,7.79,4/8/2025,10/26/2025
2354,Campaign_354,YouTube,Conversion,Australia,2707,2551,78926,2544,28,13472,0.3,0.41,3.41,3/23/2025,1/25/2026
2355,Campaign_355,YouTube,Conversion,Asia,228,1644,147069,7868,1403,8807,2.21,7.84,5.07,7/11/2025,2/4/2025
2356,Campaign_356,Twitter,Awareness,Europe,1106,4361,327650,20400,273,5456,1.86,2.48,11.98,9/10/2025,1/20/2026
2357,Campaign_357,Instagram,Conversion,Europe,3304,811,350373,14135,803,10695,2.15,1.53,13.78,2/7/2025,5/17/2025
2358,Campaign_358,YouTube,Conversion,Asia,4199,4033,453031,9668,122,17576,1.19,1.25,5.72,1/14/2025,4/26/2025
2359,Campaign_359,Facebook,Engagement,Australia,3194,3769,52092,21461,1521,20046,1.17,0.37,4.95,12/13/2025,9/2/2025
2360,Campaign_360,Google Ads,Conversion,Europe,2706,2018,334683,17611,1360,1605,0.23,5.28,3.33,11/6/2025,6/1/2025
2361,Campaign_361,Email,Retention,South America,4865,2484,469293,11828,551,19892,1.11,2.26,10.34,7/28/2025,6/12/2025
2362,Campaign_362,Facebook,Awareness,Europe,3809,3524,162889,13819,656,19045,2.79,9.9,5.18,12/23/2025,1/4/2026
2363,Campaign_363,Facebook,Engagement,North America,3753,1166,178933,24352,588,15917,1.2,5.79,14.82,3/30/2025,8/16/2025
2364,Campaign_364,Instagram,Engagement,North America,1653,4556,23428,842,1098,14688,2.51,1.47,5.22,2/25/2025,2/19/2025
2365,Campaign_365,Twitter,Retention,Australia,3556,357,185006,1947,1325,20583,2.54,6.92,6.21,4/4/2025,6/10/2025
2366,Campaign_366,Twitter,Awareness,Asia,715,2815,256627,7081,34,13102,1.18,8.99,9.25,4/3/2025,2/12/2025
2367,Campaign_367,LinkedIn,Awareness,Australia,238,2643,255439,12351,1582,20670,1.93,7.48,12.12,12/6/2025,4/22/2025
2368,Campaign_368,Instagram,Engagement,Australia,3542,782,151330,6817,10,9756,0.38,0.86,7.31,3/26/2025,12/27/2025
2369,Campaign_369,Google Ads,Conversion,Australia,1086,2252,67775,17410,920,21084,0.4,8.97,6.63,9/2/2025,1/20/2026
2370,Campaign_370,Twitter,Engagement,Australia,3044,3109,222652,10588,1582,14712,0.24,7.96,14.94,1/22/2025,10/20/2025
2371,Campaign_371,Email,Awareness,South America,2404,3233,498163,13446,150,2413,1.78,1.67,0.65,10/18/2025,6/5/2025
2372,Campaign_372,YouTube,Retention,South America,1298,2081,277613,23632,1777,22404,1.34,0.61,13.48,9/29/2025,12/4/2025
2373,Campaign_373,Instagram,Engagement,Europe,2023,3869,300998,17289,657,11093,1.69,5.62,2.66,11/2/2025,10/25/2025
2374,Campaign_374,YouTube,Awareness,North America,3401,2712,147328,15067,1934,2272,1.61,1.64,11.9,5/2/2025,6/20/2025
2375,Campaign_375,Facebook,Engagement,Australia,3355,1829,265158,15368,197,19664,1.12,8.36,9.46,5/8/2025,12/26/2025
2376,Campaign_376,Email,Conversion,Europe,3293,386,86256,24870,1161,13496,2.06,3.65,5.46,4/23/2025,2/2/2025
2377,Campaign_377,Email,Engagement,North America,3730,4593,437153,10265,210,24307,2.3,9.14,13.17,9/30/2025,2/8/2025
2378,Campaign_378,Facebook,Engagement,Asia,3978,4875,371278,20624,1160,3371,0.14,5.7,0.69,12/2/2025,10/8/2025
2379,Campaign_379,Instagram,Awareness,South America,3096,1690,142723,12966,266,13734,0.7,1.91,3.79,5/10/2025,6/19/2025
2380,Campaign_380,Facebook,Awareness,North America,3653,4093,191360,18730,1709,17544,2.17,1.48,8.72,5/12/2025,6/4/2025
2381,Campaign_381,YouTube,Awareness,Asia,3711,513,356874,18362,556,23126,1.22,5.81,5.6,3/26/2025,12/6/2025
2382,Campaign_382,LinkedIn,Engagement,North America,1188,2518,428267,11087,203,11021,2.02,7.64,9.35,12/16/2025,9/16/2025
2383,Campaign_383,Email,Conversion,South America,4316,435,299530,1271,712,11142,1.11,7.84,0.85,3/22/2025,2/10/2025
2384,Campaign_384,TikTok,Retention,South America,4226,298,478270,22409,1137,1632,1.23,2.83,2.19,11/21/2025,8/31/2025
2385,Campaign_385,TikTok,Retention,Europe,4379,4187,252634,16800,1568,1199,0.56,2.12,2.34,3/10/2025,5/23/2025
2386,Campaign_386,YouTube,Awareness,Australia,1882,4701,419400,9270,1298,15034,0.85,0.27,3.24,5/28/2025,2/8/2025
2387,Campaign_387,Google Ads,Awareness,North America,4865,1916,43787,11593,811,24354,1.86,6.82,7.16,1/16/2025,11/19/2025
2388,Campaign_388,Twitter,Engagement,North America,4163,1162,31621,14303,951,10730,1.36,0.86,11.41,11/3/2025,1/28/2026
2389,Campaign_389,Facebook,Retention,Asia,1133,2981,478780,693,1417,6797,2.35,4.27,13.63,4/15/2025,10/11/2025
2390,Campaign_390,Facebook,Awareness,South America,3798,2657,87984,2507,1293,13339,2.57,6.06,12.61,6/14/2025,2/14/2025
2391,Campaign_391,Google Ads,Conversion,North America,3433,1673,463008,18069,423,8312,1.67,9.38,3.35,7/20/2025,9/28/2025
2392,Campaign_392,Google Ads,Conversion,South America,2180,2935,448469,19278,1391,5057,2.3,3.19,6.9,7/16/2025,9/30/2025
2393,Campaign_393,YouTube,Awareness,North America,2055,2706,306195,11690,1108,2679,0.99,2.57,3.39,7/4/2025,1/8/2026
2394,Campaign_394,YouTube,Awareness,Europe,3256,3875,321955,10484,1388,11530,1.3,6.58,4.33,11/18/2025,6/29/2025
2395,Campaign_395,Google Ads,Retention,Australia,992,4726,40447,9802,1617,9565,2.17,6.23,7.8,9/22/2025,9/24/2025
2396,Campaign_396,Email,Retention,North America,991,1751,138046,20889,1804,8775,1.22,3.39,1.49,12/29/2025,12/3/2025
2397,Campaign_397,YouTube,Engagement,South America,2009,2558,225002,7929,919,18306,1.81,9.29,3.66,4/10/2025,7/17/2025
2398,Campaign_398,LinkedIn,Retention,Europe,2455,490,171326,2761,197,15589,0.64,8.46,14.06,12/8/2025,2/20/2025
2399,Campaign_399,YouTube,Conversion,North America,3810,2967,356189,20620,1718,3680,1.84,2.32,7.26,11/16/2025,9/4/2025
2400,Campaign_400,Facebook,Conversion,Asia,1807,2646,126859,7216,1323,21200,2.6,2.47,6.96,8/2/2025,1/9/2026
2401,Campaign_401,YouTube,Awareness,Australia,1184,1875,198490,21759,54,7196,2.62,5.17,0.71,10/5/2025,6/15/2025
2402,Campaign_402,Email,Retention,North America,3876,1839,417688,9421,1606,10083,2.2,7.76,4.09,6/11/2025,6/9/2025
2403,Campaign_403,Google Ads,Engagement,Europe,3580,3417,13471,4878,92,17498,2.26,0.54,13.06,6/6/2025,11/21/2025
2404,Campaign_404,Facebook,Conversion,Asia,719,4556,248404,8315,1156,14369,1.72,6.96,2.89,9/8/2025,10/4/2025
2405,Campaign_405,YouTube,Conversion,Europe,790,411,130312,14278,367,12257,1.8,6.52,6.52,4/7/2025,8/8/2025
2406,Campaign_406,Email,Engagement,Europe,1250,1592,236876,20335,1561,21454,0.49,2.39,0.71,1/18/2025,3/16/2025
2407,Campaign_407,LinkedIn,Engagement,Asia,3833,555,149401,24500,1099,17154,1.39,6.85,7.44,11/23/2025,4/27/2025
2408,Campaign_408,YouTube,Conversion,Europe,4644,2340,175937,13228,945,12758,1.41,9.41,0.8,4/7/2025,3/16/2025
2409,Campaign_409,Email,Conversion,Asia,1159,4587,56850,10832,1690,2968,2.88,0.56,12.38,1/1/2025,12/27/2025
2410,Campaign_410,LinkedIn,Engagement,North America,892,393,326364,10336,384,14708,1.35,3.26,12.46,8/4/2025,6/25/2025
2411,Campaign_411,Google Ads,Conversion,Asia,4099,4735,253306,3300,171,15542,1.69,4.44,11.92,5/12/2025,3/23/2025
2412,Campaign_412,YouTube,Awareness,Asia,4673,4257,103808,8833,1779,16139,1.65,9,4.61,9/17/2025,9/30/2025
2413,Campaign_413,LinkedIn,Awareness,Australia,3146,710,147469,5910,1413,12046,1.95,9.63,12.64,5/5/2025,11/21/2025
2414,Campaign_414,Facebook,Engagement,Asia,726,4287,238981,18339,1689,12827,2.27,4.5,8.37,3/23/2025,3/23/2025
2415,Campaign_415,Google Ads,Retention,Asia,3424,2875,176597,23776,1391,14770,0.75,7.53,5.92,10/10/2025,10/24/2025
2416,Campaign_416,Facebook,Engagement,North America,2453,743,63072,6308,1221,16023,1.63,5.36,9.57,6/20/2025,5/31/2025
2417,Campaign_417,TikTok,Engagement,Australia,3544,1976,231178,7296,331,14800,2.5,5.42,0.68,2/28/2025,8/19/2025
2418,Campaign_418,Instagram,Retention,South America,4165,3379,93820,21680,459,20491,1.44,2.85,2.57,2/1/2025,10/6/2025
2419,Campaign_419,YouTube,Retention,North America,2075,3437,487746,21977,1507,11275,0.91,2.25,11.26,6/10/2025,4/11/2025
2420,Campaign_420,LinkedIn,Retention,North America,1963,4223,33284,10788,1046,12765,2,2.95,4.04,10/11/2025,1/7/2026
2421,Campaign_421,Instagram,Awareness,South America,720,283,464546,18209,193,19959,2.49,5.61,9.17,4/16/2025,3/29/2025
2422,Campaign_422,Instagram,Conversion,Asia,1216,3288,93369,21860,120,17173,0.28,0.39,6.08,4/15/2025,3/11/2025
2423,Campaign_423,LinkedIn,Awareness,Europe,316,4069,297266,18043,1960,7114,2.35,9.08,12.89,8/16/2025,11/16/2025
2424,Campaign_424,Google Ads,Conversion,Australia,2633,222,402493,5150,517,3752,2.48,1.65,14.31,7/7/2025,2/18/2025
2425,Campaign_425,YouTube,Awareness,Europe,783,4644,342697,5487,1323,7915,1.44,2.28,13.31,3/11/2025,9/8/2025
2426,Campaign_426,TikTok,Conversion,South America,594,4375,222978,15700,304,23655,2.95,5.23,4.42,11/14/2025,12/10/2025
2427,Campaign_427,Facebook,Awareness,North America,3988,3128,366932,5197,1484,17162,2.38,7.13,3.32,10/17/2025,10/2/2025
2428,Campaign_428,Email,Retention,North America,2968,4511,72812,17224,913,11616,2.34,1.05,7.38,3/28/2025,1/18/2026
2429,Campaign_429,Facebook,Engagement,Australia,4367,2135,280143,4328,1248,17464,2.27,3.25,0.61,12/28/2025,12/1/2025
2430,Campaign_430,Email,Awareness,North America,4060,942,294580,18852,983,5458,0.54,9.69,0.87,2/25/2025,11/25/2025
2431,Campaign_431,Facebook,Conversion,North America,473,4409,315107,17587,641,4776,0.73,2.7,8.52,4/23/2025,11/10/2025
2432,Campaign_432,LinkedIn,Retention,Australia,2213,244,143168,13105,1927,24881,1.45,3.2,8.05,1/13/2025,4/15/2025
2433,Campaign_433,TikTok,Awareness,Australia,4633,1283,254809,5982,1600,5276,0.87,8.38,14.92,1/18/2025,5/21/2025
2434,Campaign_434,YouTube,Awareness,South America,1589,387,428495,23260,1060,17708,1.3,0.6,3.43,7/1/2025,7/30/2025
2435,Campaign_435,Email,Retention,North America,3766,3096,262164,18684,1663,4332,2.68,4.7,4.24,4/23/2025,3/4/2025
2436,Campaign_436,YouTube,Awareness,North America,4902,2680,381043,5963,742,15401,2.49,3.86,2.15,8/17/2025,9/22/2025
2437,Campaign_437,YouTube,Engagement,South America,365,2110,255317,14360,1264,5945,1.93,3.23,13.8,6/20/2025,11/9/2025
2438,Campaign_438,YouTube,Awareness,Asia,1767,1198,298345,5412,1598,1880,2.59,2.93,11.78,10/22/2025,2/25/2025
2439,Campaign_439,Twitter,Engagement,Asia,928,2679,160787,5148,1840,10365,2.37,1,12.42,7/8/2025,12/28/2025
2440,Campaign_440,Google Ads,Engagement,Asia,2243,3114,170381,1355,330,23418,1.34,3.22,13.59,3/20/2025,11/6/2025
2441,Campaign_441,Facebook,Retention,South America,4397,1113,156150,3366,922,14426,0.68,0.53,8.11,5/26/2025,9/14/2025
2442,Campaign_442,YouTube,Awareness,North America,3696,686,459830,12334,1266,20040,1.59,7.83,7.04,7/1/2025,3/29/2025
2443,Campaign_443,Facebook,Retention,South America,978,4373,15105,16794,1703,12080,2.24,4.04,5.29,10/13/2025,7/30/2025
2444,Campaign_444,YouTube,Awareness,South America,413,3829,389810,17066,446,21191,1.37,4.49,9.04,9/7/2025,9/20/2025
2445,Campaign_445,Email,Awareness,Asia,3962,4337,366992,3612,790,6134,2.03,8.95,7.09,12/20/2025,1/9/2026
2446,Campaign_446,Google Ads,Conversion,Europe,1776,3874,274983,22554,1566,6310,0.37,6.61,7.05,11/10/2025,11/14/2025
2447,Campaign_447,Google Ads,Awareness,North America,2648,692,78920,4992,1436,22818,2.27,0.18,14.09,7/15/2025,4/5/2025
2448,Campaign_448,LinkedIn,Retention,Asia,3136,995,315763,22707,1086,10679,2.46,9.44,14.77,11/19/2025,9/20/2025
2449,Campaign_449,Twitter,Engagement,Europe,3317,3753,52821,15614,1820,12751,2.15,2.45,12.05,3/12/2025,11/16/2025
2450,Campaign_450,LinkedIn,Awareness,Europe,791,3186,135736,2017,1346,13631,2.91,1.17,11.47,9/5/2025,9/1/2025
2451,Campaign_451,LinkedIn,Conversion,Australia,2920,2644,416709,16518,1314,19993,2.5,7.7,10.37,5/26/2025,10/16/2025
2452,Campaign_452,LinkedIn,Retention,North America,913,4635,27069,21886,735,20966,2.72,5.05,2.91,4/16/2025,2/18/2025
2453,Campaign_453,LinkedIn,Awareness,Europe,1135,2869,17531,18240,40,13207,2.81,4.39,1.36,9/20/2025,7/25/2025
2454,Campaign_454,LinkedIn,Retention,Asia,4537,2034,440267,20513,346,20124,2.42,2.57,10.52,10/23/2025,9/17/2025
2455,Campaign_455,TikTok,Conversion,Australia,201,4288,148808,20512,192,22912,2.06,5.52,11.07,3/11/2025,9/14/2025
2456,Campaign_456,Google Ads,Conversion,North America,3048,4499,148782,11931,1056,18733,0.12,2.82,1.18,7/12/2025,4/25/2025
2457,Campaign_457,LinkedIn,Retention,South America,4244,3351,77155,8710,553,3249,1.45,9.03,13.96,3/9/2025,11/18/2025
2458,Campaign_458,YouTube,Awareness,Asia,2149,2860,417191,12095,1479,13656,1.76,2.23,1.82,11/1/2025,10/4/2025
2459,Campaign_459,Google Ads,Engagement,Europe,1117,2103,72424,13371,1107,23564,0.98,8.86,4.65,2/21/2025,5/21/2025
2460,Campaign_460,Google Ads,Conversion,Europe,3374,4887,317747,13243,1043,17089,1.02,5.64,10.25,12/29/2025,10/12/2025
2461,Campaign_461,Instagram,Awareness,Asia,2441,4000,426468,23016,1517,24236,2.89,8.3,2.96,10/12/2025,4/29/2025
2462,Campaign_462,TikTok,Awareness,Europe,289,839,484013,9824,1489,21475,2.69,7.16,1.3,11/30/2025,4/13/2025
2463,Campaign_463,LinkedIn,Engagement,Australia,1909,2100,142503,12031,1599,3950,2.56,7,5.3,1/9/2025,3/2/2025
2464,Campaign_464,Facebook,Conversion,North America,2369,606,215675,7088,1597,7714,1.28,3.31,11.61,9/8/2025,7/22/2025
2465,Campaign_465,Email,Conversion,Australia,4438,2280,178553,3811,669,20695,0.14,2.42,6.5,11/28/2025,12/6/2025
2466,Campaign_466,Twitter,Awareness,Europe,3241,4126,364717,22932,169,12314,0.33,2.19,9.97,10/25/2025,1/9/2026
2467,Campaign_467,YouTube,Awareness,South America,305,4394,150629,23130,1915,5641,1.01,8.59,8.9,7/3/2025,7/27/2025
2468,Campaign_468,Facebook,Engagement,North America,1086,1329,478187,1487,1047,3208,0.15,8.22,0.82,6/28/2025,6/19/2025
2469,Campaign_469,TikTok,Engagement,North America,627,4435,375446,3821,1211,18875,0.15,4.46,14.83,7/17/2025,8/13/2025
2470,Campaign_470,Email,Conversion,Asia,2095,3715,141234,16312,421,15588,2.76,1.41,1.1,5/8/2025,8/5/2025
2471,Campaign_471,TikTok,Retention,Asia,516,1032,437958,5115,1911,12334,2.15,3.88,14.53,1/20/2025,9/6/2025
2472,Campaign_472,YouTube,Conversion,South America,834,549,29675,16012,1021,12778,1,6.23,8.47,11/24/2025,7/14/2025
2473,Campaign_473,Google Ads,Awareness,North America,2125,758,83997,13646,62,10514,0.48,4.6,14.47,3/6/2025,7/11/2025
2474,Campaign_474,Email,Conversion,South America,2256,1788,158087,14154,417,3773,1.58,7.82,2.16,7/1/2025,2/13/2025
2475,Campaign_475,Google Ads,Retention,Asia,3344,2298,453273,20625,856,14867,0.12,9.98,7.61,8/29/2025,11/23/2025
2476,Campaign_476,YouTube,Engagement,Asia,2470,1532,435807,3552,1055,5038,2.82,1.99,2.96,1/24/2025,4/30/2025
2477,Campaign_477,Facebook,Retention,North America,1639,1553,496799,23458,1063,13041,1.3,4.65,1.24,3/24/2025,12/21/2025
2478,Campaign_478,YouTube,Retention,Australia,752,969,241390,1226,712,9212,1.27,4.37,9.45,11/15/2025,3/14/2025
2479,Campaign_479,Facebook,Retention,Europe,915,3442,150905,4260,269,9668,1.23,3.11,3.51,7/4/2025,8/29/2025
2480,Campaign_480,Email,Engagement,Asia,4111,969,280040,22690,1238,20606,0.3,2.06,9.02,11/12/2025,9/17/2025
2481,Campaign_481,Email,Retention,Asia,1913,569,436188,2375,1092,4051,1.95,0.75,2.13,4/9/2025,1/16/2026
2482,Campaign_482,LinkedIn,Retention,Australia,3589,4369,321877,23877,1504,12797,2.23,8.88,5.31,3/3/2025,11/2/2025
2483,Campaign_483,TikTok,Retention,Australia,1307,4667,261435,14469,785,11465,2.06,4.26,11.83,10/13/2025,11/6/2025
2484,Campaign_484,LinkedIn,Awareness,South America,4406,3452,51800,4533,1499,3332,0.5,5.02,6.84,1/22/2025,10/9/2025
2485,Campaign_485,TikTok,Retention,South America,450,1658,106044,5943,1045,22563,1.78,9.18,9.6,7/31/2025,12/7/2025
2486,Campaign_486,LinkedIn,Engagement,Europe,2630,917,277491,17873,1664,23463,1.75,7.79,9.89,5/6/2025,8/27/2025
2487,Campaign_487,Google Ads,Retention,Europe,2254,2194,200135,4244,1960,13922,2.62,1.39,12.73,2/11/2025,12/18/2025
2488,Campaign_488,Email,Retention,North America,658,2289,499066,17477,1323,652,1.2,5.7,5.21,4/8/2025,6/20/2025
2489,Campaign_489,Facebook,Engagement,South America,407,3179,143715,2274,859,22638,1.18,4.48,10.47,1/31/2025,11/7/2025
2490,Campaign_490,TikTok,Retention,Asia,1099,1699,312929,11151,1793,11656,1.89,7.99,14.44,6/7/2025,3/6/2025
2491,Campaign_491,YouTube,Engagement,South America,3661,1914,290825,1435,363,11608,1.94,7.27,11.09,4/22/2025,12/6/2025
2492,Campaign_492,TikTok,Retention,Asia,3585,2795,453242,13895,1672,3300,1.46,6.94,7.6,9/4/2025,2/18/2025
2493,Campaign_493,Facebook,Engagement,Australia,221,3866,376008,4308,1108,5810,1.38,3.47,9.65,5/2/2025,3/29/2025
2494,Campaign_494,LinkedIn,Retention,South America,609,4755,419108,17215,882,10444,1.53,8.07,11.23,9/30/2025,5/23/2025
2495,Campaign_495,TikTok,Retention,Australia,1094,4631,319443,12141,1749,3110,2.6,0.62,9.38,10/21/2025,2/5/2025
2496,Campaign_496,Twitter,Awareness,Europe,714,2443,27073,24806,1594,12567,1.44,1.68,0.74,7/26/2025,8/1/2025
2497,Campaign_497,Google Ads,Awareness,Europe,4309,2858,374448,19586,1624,1604,2.83,3.42,3.32,4/20/2025,2/13/2025
2498,Campaign_498,Email,Retention,North America,2334,1050,40682,14876,1474,11228,1.56,0.86,12.25,10/5/2025,1/5/2026
2499,Campaign_499,Facebook,Retention,South America,3795,3234,238870,6389,1000,24245,2.85,2.43,4.45,2/25/2025,11/12/2025
2500,Campaign_500,Email,Conversion,Australia,3156,2159,237966,5554,1274,21083,2.52,8.32,11.11,2/26/2025,10/17/2025
